{"cameraMode":{"drawMode":0,"name":"Shaded","section":"Shading Mode"},"sceneLighting":false,"audioPlay":false,"sceneViewState":{"showFog":true,"showMaterialUpdate":false,"showSkybox":false,"showFlares":true,"showImageEffects":true,"showParticleSystems":true},"in2DMode":false,"pivot":{"x":1.1788520812988282,"y":9.188409805297852,"z":-0.2860603332519531},"rotation":{"x":-0.03314613923430443,"y":0.3899144232273102,"z":0.014033512212336064,"w":0.9201804995536804},"size":12.12435531616211,"orthographic":false}