{"cameraMode":{"drawMode":0,"name":"Shaded","section":"Shading Mode"},"sceneLighting":false,"audioPlay":false,"sceneViewState":{"showFog":true,"showMaterialUpdate":false,"showSkybox":true,"showFlares":true,"showImageEffects":true,"showParticleSystems":true},"in2DMode":false,"pivot":{"x":-315.46331787109377,"y":17.252532958984376,"z":6.362341403961182},"rotation":{"x":0.16785049438476563,"y":0.4053593873977661,"z":-0.0762597918510437,"w":0.895508348941803},"size":10.0,"orthographic":false}